start_request_time,end_request_time,start_response_time,end_response_time,duration,src_ip,dst_ip,src_port,dst_port,SYN,ACK,FIN,RST,URG,PSH
2025-01-08 13:15:49.581184,2025-01-08 13:15:49.581184,2025-01-08 13:15:49.581197,2025-01-08 13:15:49.581197,1.3e-05,['127.0.0.1'],['127.0.0.1'],"['40462', '5037']","['40462', '5037']",1,1,0,1,0,0
2025-01-08 13:15:49.729700,2025-01-08 13:15:49.729700,2025-01-08 13:15:49.729712,2025-01-08 13:15:49.729712,1.2e-05,['127.0.0.1'],['127.0.0.1'],"['40468', '5037']","['40468', '5037']",1,1,0,1,0,0
2025-01-08 13:15:50.215602,2025-01-08 13:15:50.215602,2025-01-08 13:15:50.215613,2025-01-08 13:15:50.215613,1.1e-05,['127.0.0.1'],['127.0.0.1'],"['35168', '48565']","['35168', '48565']",1,1,0,1,0,0
2025-01-08 13:15:51.220088,2025-01-08 13:15:51.220088,2025-01-08 13:15:51.220100,2025-01-08 13:15:51.220100,1.2e-05,['127.0.0.1'],['127.0.0.1'],"['49332', '61675']","['49332', '61675']",1,1,0,1,0,0
2025-01-08 13:15:52.224818,2025-01-08 13:15:52.224818,2025-01-08 13:15:52.224829,2025-01-08 13:15:52.224829,1.1e-05,['127.0.0.1'],['127.0.0.1'],"['42244', '57749']","['42244', '57749']",1,1,0,1,0,0
2025-01-08 13:15:53.233853,2025-01-08 13:15:53.233853,2025-01-08 13:15:53.233868,2025-01-08 13:15:53.233868,1.5e-05,['127.0.0.1'],['127.0.0.1'],"['12056', '54174']","['12056', '54174']",1,1,0,1,0,0
2025-01-08 13:15:54.241977,2025-01-08 13:15:54.241977,2025-01-08 13:15:54.241992,2025-01-08 13:15:54.241992,1.5e-05,['127.0.0.1'],['127.0.0.1'],"['49736', '31012']","['49736', '31012']",1,1,0,1,0,0
2025-01-08 13:15:55.251262,2025-01-08 13:15:55.251262,2025-01-08 13:15:55.251277,2025-01-08 13:15:55.251277,1.5e-05,['127.0.0.1'],['127.0.0.1'],"['43120', '7525']","['43120', '7525']",1,1,0,1,0,0
2025-01-08 13:15:56.376903,2025-01-08 13:15:56.376903,2025-01-08 13:15:56.376933,2025-01-08 13:15:56.376933,3e-05,['127.0.0.1'],['127.0.0.1'],"['52105', '22']","['52105', '22']",1,1,0,1,0,0
2025-01-08 13:15:56.376960,2025-01-08 13:15:56.376960,2025-01-08 13:15:56.376971,2025-01-08 13:15:56.376971,1.1e-05,['127.0.0.1'],['127.0.0.1'],"['52105', '25']","['52105', '25']",1,1,0,1,0,0
2025-01-08 13:15:56.376988,2025-01-08 13:15:56.376988,2025-01-08 13:15:56.376995,2025-01-08 13:15:56.376995,7e-06,['127.0.0.1'],['127.0.0.1'],"['52105', '23']","['23', '52105']",1,1,0,1,0,0
2025-01-08 13:15:56.377003,2025-01-08 13:15:56.377003,2025-01-08 13:15:56.377009,2025-01-08 13:15:56.377009,6e-06,['127.0.0.1'],['127.0.0.1'],"['52105', '21']","['21', '52105']",1,1,0,1,0,0
2025-01-08 13:15:56.377018,2025-01-08 13:15:56.377018,2025-01-08 13:15:56.377023,2025-01-08 13:15:56.377023,5e-06,['127.0.0.1'],['127.0.0.1'],"['52105', '40']","['52105', '40']",1,1,0,1,0,0
2025-01-08 13:15:56.377032,2025-01-08 13:15:56.377032,2025-01-08 13:15:56.377037,2025-01-08 13:15:56.377037,5e-06,['127.0.0.1'],['127.0.0.1'],"['52105', '24']","['52105', '24']",1,1,0,1,0,0
2025-01-08 13:15:56.377046,2025-01-08 13:15:56.377046,2025-01-08 13:15:56.377051,2025-01-08 13:15:56.377051,5e-06,['127.0.0.1'],['127.0.0.1'],"['52105', '5']","['52105', '5']",1,1,0,1,0,0
2025-01-08 13:15:56.377061,2025-01-08 13:15:56.377061,2025-01-08 13:15:56.377066,2025-01-08 13:15:56.377066,5e-06,['127.0.0.1'],['127.0.0.1'],"['52105', '44']","['52105', '44']",1,1,0,1,0,0
2025-01-08 13:15:56.377074,2025-01-08 13:15:56.377074,2025-01-08 13:15:56.377079,2025-01-08 13:15:56.377079,5e-06,['127.0.0.1'],['127.0.0.1'],"['52105', '18']","['52105', '18']",1,1,0,1,0,0
2025-01-08 13:15:56.377090,2025-01-08 13:15:56.377090,2025-01-08 13:15:56.377095,2025-01-08 13:15:56.377095,5e-06,['127.0.0.1'],['127.0.0.1'],"['52105', '16']","['52105', '16']",1,1,0,1,0,0
2025-01-08 13:15:56.377310,2025-01-08 13:15:56.377310,2025-01-08 13:15:56.377315,2025-01-08 13:15:56.377315,5e-06,['127.0.0.1'],['127.0.0.1'],"['52105', '31']","['52105', '31']",1,1,0,1,0,0
2025-01-08 13:15:56.377324,2025-01-08 13:15:56.377324,2025-01-08 13:15:56.377329,2025-01-08 13:15:56.377329,5e-06,['127.0.0.1'],['127.0.0.1'],"['52105', '27']","['52105', '27']",1,1,0,1,0,0
2025-01-08 13:15:56.377337,2025-01-08 13:15:56.377337,2025-01-08 13:15:56.377343,2025-01-08 13:15:56.377343,6e-06,['127.0.0.1'],['127.0.0.1'],"['52105', '37']","['52105', '37']",1,1,0,1,0,0
2025-01-08 13:15:56.377352,2025-01-08 13:15:56.377352,2025-01-08 13:15:56.377356,2025-01-08 13:15:56.377356,4e-06,['127.0.0.1'],['127.0.0.1'],"['52105', '30']","['52105', '30']",1,1,0,1,0,0
2025-01-08 13:15:56.377365,2025-01-08 13:15:56.377365,2025-01-08 13:15:56.377371,2025-01-08 13:15:56.377371,6e-06,['127.0.0.1'],['127.0.0.1'],"['52105', '4']","['52105', '4']",1,1,0,1,0,0
2025-01-08 13:15:56.377379,2025-01-08 13:15:56.377379,2025-01-08 13:15:56.377384,2025-01-08 13:15:56.377384,5e-06,['127.0.0.1'],['127.0.0.1'],"['52105', '15']","['15', '52105']",1,1,0,1,0,0
2025-01-08 13:15:56.377393,2025-01-08 13:15:56.377393,2025-01-08 13:15:56.377398,2025-01-08 13:15:56.377398,5e-06,['127.0.0.1'],['127.0.0.1'],"['52105', '33']","['52105', '33']",1,1,0,1,0,0
2025-01-08 13:15:56.377407,2025-01-08 13:15:56.377407,2025-01-08 13:15:56.377412,2025-01-08 13:15:56.377412,5e-06,['127.0.0.1'],['127.0.0.1'],"['52105', '7']","['52105', '7']",1,1,0,1,0,0
2025-01-08 13:15:56.377421,2025-01-08 13:15:56.377421,2025-01-08 13:15:56.377426,2025-01-08 13:15:56.377426,5e-06,['127.0.0.1'],['127.0.0.1'],"['52105', '17']","['52105', '17']",1,1,0,1,0,0
2025-01-08 13:15:56.377434,2025-01-08 13:15:56.377434,2025-01-08 13:15:56.377439,2025-01-08 13:15:56.377439,5e-06,['127.0.0.1'],['127.0.0.1'],"['52105', '42']","['52105', '42']",1,1,0,1,0,0
2025-01-08 13:15:56.377448,2025-01-08 13:15:56.377448,2025-01-08 13:15:56.377453,2025-01-08 13:15:56.377453,5e-06,['127.0.0.1'],['127.0.0.1'],"['52105', '43']","['52105', '43']",1,1,0,1,0,0
2025-01-08 13:15:56.377462,2025-01-08 13:15:56.377462,2025-01-08 13:15:56.377467,2025-01-08 13:15:56.377467,5e-06,['127.0.0.1'],['127.0.0.1'],"['52105', '50']","['52105', '50']",1,1,0,1,0,0
2025-01-08 13:15:56.377475,2025-01-08 13:15:56.377475,2025-01-08 13:15:56.377480,2025-01-08 13:15:56.377480,5e-06,['127.0.0.1'],['127.0.0.1'],"['52105', '10']","['52105', '10']",1,1,0,1,0,0
2025-01-08 13:15:56.377488,2025-01-08 13:15:56.377488,2025-01-08 13:15:56.377493,2025-01-08 13:15:56.377493,5e-06,['127.0.0.1'],['127.0.0.1'],"['52105', '3']","['52105', '3']",1,1,0,1,0,0
2025-01-08 13:15:56.377502,2025-01-08 13:15:56.377502,2025-01-08 13:15:56.377508,2025-01-08 13:15:56.377508,6e-06,['127.0.0.1'],['127.0.0.1'],"['52105', '28']","['52105', '28']",1,1,0,1,0,0
2025-01-08 13:15:56.377516,2025-01-08 13:15:56.377516,2025-01-08 13:15:56.377521,2025-01-08 13:15:56.377521,5e-06,['127.0.0.1'],['127.0.0.1'],"['52105', '35']","['52105', '35']",1,1,0,1,0,0
2025-01-08 13:15:56.377529,2025-01-08 13:15:56.377529,2025-01-08 13:15:56.377534,2025-01-08 13:15:56.377534,5e-06,['127.0.0.1'],['127.0.0.1'],"['52105', '8']","['52105', '8']",1,1,0,1,0,0
2025-01-08 13:15:56.377544,2025-01-08 13:15:56.377544,2025-01-08 13:15:56.377549,2025-01-08 13:15:56.377549,5e-06,['127.0.0.1'],['127.0.0.1'],"['52105', '34']","['52105', '34']",1,1,0,1,0,0
2025-01-08 13:15:56.377558,2025-01-08 13:15:56.377558,2025-01-08 13:15:56.377563,2025-01-08 13:15:56.377563,5e-06,['127.0.0.1'],['127.0.0.1'],"['52105', '14']","['52105', '14']",1,1,0,1,0,0
2025-01-08 13:15:56.377571,2025-01-08 13:15:56.377571,2025-01-08 13:15:56.377576,2025-01-08 13:15:56.377576,5e-06,['127.0.0.1'],['127.0.0.1'],"['52105', '9']","['52105', '9']",1,1,0,1,0,0
2025-01-08 13:15:56.377871,2025-01-08 13:15:56.377871,2025-01-08 13:15:56.377876,2025-01-08 13:15:56.377876,5e-06,['127.0.0.1'],['127.0.0.1'],"['52105', '0']","['52105', '0']",1,1,0,1,0,0
2025-01-08 13:15:56.377885,2025-01-08 13:15:56.377885,2025-01-08 13:15:56.377890,2025-01-08 13:15:56.377890,5e-06,['127.0.0.1'],['127.0.0.1'],"['52105', '48']","['48', '52105']",1,1,0,1,0,0
2025-01-08 13:15:56.377899,2025-01-08 13:15:56.377899,2025-01-08 13:15:56.377904,2025-01-08 13:15:56.377904,5e-06,['127.0.0.1'],['127.0.0.1'],"['52105', '29']","['52105', '29']",1,1,0,1,0,0
2025-01-08 13:15:56.377913,2025-01-08 13:15:56.377913,2025-01-08 13:15:56.377918,2025-01-08 13:15:56.377918,5e-06,['127.0.0.1'],['127.0.0.1'],"['52105', '46']","['52105', '46']",1,1,0,1,0,0
2025-01-08 13:15:56.377926,2025-01-08 13:15:56.377926,2025-01-08 13:15:56.377932,2025-01-08 13:15:56.377932,6e-06,['127.0.0.1'],['127.0.0.1'],"['52105', '1']","['52105', '1']",1,1,0,1,0,0
2025-01-08 13:15:56.377940,2025-01-08 13:15:56.377940,2025-01-08 13:15:56.377945,2025-01-08 13:15:56.377945,5e-06,['127.0.0.1'],['127.0.0.1'],"['52105', '11']","['52105', '11']",1,1,0,1,0,0
2025-01-08 13:15:56.377954,2025-01-08 13:15:56.377954,2025-01-08 13:15:56.377959,2025-01-08 13:15:56.377959,5e-06,['127.0.0.1'],['127.0.0.1'],"['52105', '49']","['52105', '49']",1,1,0,1,0,0
2025-01-08 13:15:56.377968,2025-01-08 13:15:56.377968,2025-01-08 13:15:56.377973,2025-01-08 13:15:56.377973,5e-06,['127.0.0.1'],['127.0.0.1'],"['52105', '36']","['52105', '36']",1,1,0,1,0,0
2025-01-08 13:15:56.377982,2025-01-08 13:15:56.377982,2025-01-08 13:15:56.377987,2025-01-08 13:15:56.377987,5e-06,['127.0.0.1'],['127.0.0.1'],"['52105', '12']","['52105', '12']",1,1,0,1,0,0
2025-01-08 13:15:56.377996,2025-01-08 13:15:56.377996,2025-01-08 13:15:56.378001,2025-01-08 13:15:56.378001,5e-06,['127.0.0.1'],['127.0.0.1'],"['52105', '32']","['32', '52105']",1,1,0,1,0,0
2025-01-08 13:15:56.378010,2025-01-08 13:15:56.378010,2025-01-08 13:15:56.378015,2025-01-08 13:15:56.378015,5e-06,['127.0.0.1'],['127.0.0.1'],"['52105', '26']","['52105', '26']",1,1,0,1,0,0
2025-01-08 13:15:56.378023,2025-01-08 13:15:56.378023,2025-01-08 13:15:56.378028,2025-01-08 13:15:56.378028,5e-06,['127.0.0.1'],['127.0.0.1'],"['52105', '20']","['52105', '20']",1,1,0,1,0,0
2025-01-08 13:15:56.378037,2025-01-08 13:15:56.378037,2025-01-08 13:15:56.378042,2025-01-08 13:15:56.378042,5e-06,['127.0.0.1'],['127.0.0.1'],"['52105', '2']","['52105', '2']",1,1,0,1,0,0
2025-01-08 13:15:56.378051,2025-01-08 13:15:56.378051,2025-01-08 13:15:56.378056,2025-01-08 13:15:56.378056,5e-06,['127.0.0.1'],['127.0.0.1'],"['52105', '47']","['52105', '47']",1,1,0,1,0,0
2025-01-08 13:15:56.378065,2025-01-08 13:15:56.378065,2025-01-08 13:15:56.378070,2025-01-08 13:15:56.378070,5e-06,['127.0.0.1'],['127.0.0.1'],"['52105', '38']","['52105', '38']",1,1,0,1,0,0
2025-01-08 13:15:56.378078,2025-01-08 13:15:56.378078,2025-01-08 13:15:56.378083,2025-01-08 13:15:56.378083,5e-06,['127.0.0.1'],['127.0.0.1'],"['52105', '19']","['19', '52105']",1,1,0,1,0,0
2025-01-08 13:15:56.378091,2025-01-08 13:15:56.378091,2025-01-08 13:15:56.378096,2025-01-08 13:15:56.378096,5e-06,['127.0.0.1'],['127.0.0.1'],"['52105', '13']","['52105', '13']",1,1,0,1,0,0
2025-01-08 13:15:56.378105,2025-01-08 13:15:56.378105,2025-01-08 13:15:56.378110,2025-01-08 13:15:56.378110,5e-06,['127.0.0.1'],['127.0.0.1'],"['52105', '39']","['52105', '39']",1,1,0,1,0,0
2025-01-08 13:15:56.378119,2025-01-08 13:15:56.378119,2025-01-08 13:15:56.378124,2025-01-08 13:15:56.378124,5e-06,['127.0.0.1'],['127.0.0.1'],"['52105', '41']","['52105', '41']",1,1,0,1,0,0
2025-01-08 13:15:56.378133,2025-01-08 13:15:56.378133,2025-01-08 13:15:56.378137,2025-01-08 13:15:56.378137,4e-06,['127.0.0.1'],['127.0.0.1'],"['52105', '6']","['52105', '6']",1,1,0,1,0,0
2025-01-08 13:15:56.378146,2025-01-08 13:15:56.378146,2025-01-08 13:15:56.378151,2025-01-08 13:15:56.378151,5e-06,['127.0.0.1'],['127.0.0.1'],"['52105', '45']","['52105', '45']",1,1,0,1,0,0
2025-01-08 13:15:57.600710,2025-01-08 13:15:57.600710,2025-01-08 13:15:57.600735,2025-01-08 13:15:57.600735,2.5e-05,['127.0.0.1'],['127.0.0.1'],"['34011', '22']","['34011', '22']",1,1,0,1,0,0
2025-01-08 13:15:57.600750,2025-01-08 13:15:57.600750,2025-01-08 13:15:57.600757,2025-01-08 13:15:57.600757,7e-06,['127.0.0.1'],['127.0.0.1'],"['34011', '25']","['34011', '25']",1,1,0,1,0,0
2025-01-08 13:15:57.600767,2025-01-08 13:15:57.600767,2025-01-08 13:15:57.600773,2025-01-08 13:15:57.600773,6e-06,['127.0.0.1'],['127.0.0.1'],"['21', '34011']","['21', '34011']",1,1,0,1,0,0
2025-01-08 13:15:57.600783,2025-01-08 13:15:57.600783,2025-01-08 13:15:57.600790,2025-01-08 13:15:57.600790,7e-06,['127.0.0.1'],['127.0.0.1'],"['23', '34011']","['23', '34011']",1,1,0,1,0,0
2025-01-08 13:15:57.600801,2025-01-08 13:15:57.600801,2025-01-08 13:15:57.600806,2025-01-08 13:15:57.600806,5e-06,['127.0.0.1'],['127.0.0.1'],"['34011', '12']","['34011', '12']",1,1,0,1,0,0
2025-01-08 13:15:57.600817,2025-01-08 13:15:57.600817,2025-01-08 13:15:57.600822,2025-01-08 13:15:57.600822,5e-06,['127.0.0.1'],['127.0.0.1'],"['34011', '50']","['34011', '50']",1,1,0,1,0,0
2025-01-08 13:15:57.600833,2025-01-08 13:15:57.600833,2025-01-08 13:15:57.600839,2025-01-08 13:15:57.600839,6e-06,['127.0.0.1'],['127.0.0.1'],"['34011', '26']","['34011', '26']",1,1,0,1,0,0
2025-01-08 13:15:57.600849,2025-01-08 13:15:57.600849,2025-01-08 13:15:57.600854,2025-01-08 13:15:57.600854,5e-06,['127.0.0.1'],['127.0.0.1'],"['34011', '37']","['34011', '37']",1,1,0,1,0,0
2025-01-08 13:15:57.600864,2025-01-08 13:15:57.600864,2025-01-08 13:15:57.600869,2025-01-08 13:15:57.600869,5e-06,['127.0.0.1'],['127.0.0.1'],"['16', '34011']","['16', '34011']",1,1,0,1,0,0
2025-01-08 13:15:57.600883,2025-01-08 13:15:57.600883,2025-01-08 13:15:57.600888,2025-01-08 13:15:57.600888,5e-06,['127.0.0.1'],['127.0.0.1'],"['34011', '45']","['34011', '45']",1,1,0,1,0,0
2025-01-08 13:15:57.601101,2025-01-08 13:15:57.601101,2025-01-08 13:15:57.601107,2025-01-08 13:15:57.601107,6e-06,['127.0.0.1'],['127.0.0.1'],"['34011', '29']","['34011', '29']",1,1,0,1,0,0
2025-01-08 13:15:57.601118,2025-01-08 13:15:57.601118,2025-01-08 13:15:57.601123,2025-01-08 13:15:57.601123,5e-06,['127.0.0.1'],['127.0.0.1'],"['34011', '40']","['34011', '40']",1,1,0,1,0,0
2025-01-08 13:15:57.601133,2025-01-08 13:15:57.601133,2025-01-08 13:15:57.601140,2025-01-08 13:15:57.601140,7e-06,['127.0.0.1'],['127.0.0.1'],"['34011', '6']","['34011', '6']",1,1,0,1,0,0
2025-01-08 13:15:57.601150,2025-01-08 13:15:57.601150,2025-01-08 13:15:57.601155,2025-01-08 13:15:57.601155,5e-06,['127.0.0.1'],['127.0.0.1'],"['34011', '47']","['34011', '47']",1,1,0,1,0,0
2025-01-08 13:15:57.601165,2025-01-08 13:15:57.601165,2025-01-08 13:15:57.601171,2025-01-08 13:15:57.601171,6e-06,['127.0.0.1'],['127.0.0.1'],"['34011', '18']","['34011', '18']",1,1,0,1,0,0
2025-01-08 13:15:57.601181,2025-01-08 13:15:57.601181,2025-01-08 13:15:57.601187,2025-01-08 13:15:57.601187,6e-06,['127.0.0.1'],['127.0.0.1'],"['34011', '11']","['34011', '11']",1,1,0,1,0,0
2025-01-08 13:15:57.601196,2025-01-08 13:15:57.601196,2025-01-08 13:15:57.601202,2025-01-08 13:15:57.601202,6e-06,['127.0.0.1'],['127.0.0.1'],"['34011', '35']","['34011', '35']",1,1,0,1,0,0
2025-01-08 13:15:57.601212,2025-01-08 13:15:57.601212,2025-01-08 13:15:57.601217,2025-01-08 13:15:57.601217,5e-06,['127.0.0.1'],['127.0.0.1'],"['34011', '3']","['34011', '3']",1,1,0,1,0,0
2025-01-08 13:15:57.601227,2025-01-08 13:15:57.601227,2025-01-08 13:15:57.601233,2025-01-08 13:15:57.601233,6e-06,['127.0.0.1'],['127.0.0.1'],"['34011', '10']","['34011', '10']",1,1,0,1,0,0
2025-01-08 13:15:57.601244,2025-01-08 13:15:57.601244,2025-01-08 13:15:57.601251,2025-01-08 13:15:57.601251,7e-06,['127.0.0.1'],['127.0.0.1'],"['34011', '39']","['34011', '39']",1,1,0,1,0,0
2025-01-08 13:15:57.601260,2025-01-08 13:15:57.601260,2025-01-08 13:15:57.601266,2025-01-08 13:15:57.601266,6e-06,['127.0.0.1'],['127.0.0.1'],"['34011', '33']","['34011', '33']",1,1,0,1,0,0
2025-01-08 13:15:57.601276,2025-01-08 13:15:57.601276,2025-01-08 13:15:57.601282,2025-01-08 13:15:57.601282,6e-06,['127.0.0.1'],['127.0.0.1'],"['34011', '17']","['34011', '17']",1,1,0,1,0,0
2025-01-08 13:15:57.601292,2025-01-08 13:15:57.601292,2025-01-08 13:15:57.601297,2025-01-08 13:15:57.601297,5e-06,['127.0.0.1'],['127.0.0.1'],"['15', '34011']","['15', '34011']",1,1,0,1,0,0
2025-01-08 13:15:57.601307,2025-01-08 13:15:57.601307,2025-01-08 13:15:57.601313,2025-01-08 13:15:57.601313,6e-06,['127.0.0.1'],['127.0.0.1'],"['34011', '8']","['34011', '8']",1,1,0,1,0,0
2025-01-08 13:15:57.601324,2025-01-08 13:15:57.601324,2025-01-08 13:15:57.601329,2025-01-08 13:15:57.601329,5e-06,['127.0.0.1'],['127.0.0.1'],"['7', '34011']","['7', '34011']",1,1,0,1,0,0
2025-01-08 13:15:57.601339,2025-01-08 13:15:57.601339,2025-01-08 13:15:57.601346,2025-01-08 13:15:57.601346,7e-06,['127.0.0.1'],['127.0.0.1'],"['30', '34011']","['30', '34011']",1,1,0,1,0,0
2025-01-08 13:15:57.601356,2025-01-08 13:15:57.601356,2025-01-08 13:15:57.601361,2025-01-08 13:15:57.601361,5e-06,['127.0.0.1'],['127.0.0.1'],"['34011', '14']","['34011', '14']",1,1,0,1,0,0
2025-01-08 13:15:57.601374,2025-01-08 13:15:57.601374,2025-01-08 13:15:57.601380,2025-01-08 13:15:57.601380,6e-06,['127.0.0.1'],['127.0.0.1'],"['34011', '31']","['34011', '31']",1,1,0,1,0,0
2025-01-08 13:15:57.601390,2025-01-08 13:15:57.601390,2025-01-08 13:15:57.601396,2025-01-08 13:15:57.601396,6e-06,['127.0.0.1'],['127.0.0.1'],"['32', '34011']","['32', '34011']",1,1,0,1,0,0
2025-01-08 13:15:57.601406,2025-01-08 13:15:57.601406,2025-01-08 13:15:57.601411,2025-01-08 13:15:57.601411,5e-06,['127.0.0.1'],['127.0.0.1'],"['34011', '44']","['34011', '44']",1,1,0,1,0,0
2025-01-08 13:15:57.601741,2025-01-08 13:15:57.601741,2025-01-08 13:15:57.601746,2025-01-08 13:15:57.601746,5e-06,['127.0.0.1'],['127.0.0.1'],"['34011', '28']","['34011', '28']",1,1,0,1,0,0
2025-01-08 13:15:57.601754,2025-01-08 13:15:57.601754,2025-01-08 13:15:57.601760,2025-01-08 13:15:57.601760,6e-06,['127.0.0.1'],['127.0.0.1'],"['48', '34011']","['48', '34011']",1,1,0,1,0,0
2025-01-08 13:15:57.601769,2025-01-08 13:15:57.601769,2025-01-08 13:15:57.601774,2025-01-08 13:15:57.601774,5e-06,['127.0.0.1'],['127.0.0.1'],"['34011', '43']","['34011', '43']",1,1,0,1,0,0
2025-01-08 13:15:57.601783,2025-01-08 13:15:57.601783,2025-01-08 13:15:57.601788,2025-01-08 13:15:57.601788,5e-06,['127.0.0.1'],['127.0.0.1'],"['36', '34011']","['36', '34011']",1,1,0,1,0,0
2025-01-08 13:15:57.601796,2025-01-08 13:15:57.601796,2025-01-08 13:15:57.601802,2025-01-08 13:15:57.601802,6e-06,['127.0.0.1'],['127.0.0.1'],"['34011', '46']","['34011', '46']",1,1,0,1,0,0
2025-01-08 13:15:57.601811,2025-01-08 13:15:57.601811,2025-01-08 13:15:57.601816,2025-01-08 13:15:57.601816,5e-06,['127.0.0.1'],['127.0.0.1'],"['34011', '27']","['34011', '27']",1,1,0,1,0,0
2025-01-08 13:15:57.601825,2025-01-08 13:15:57.601825,2025-01-08 13:15:57.601830,2025-01-08 13:15:57.601830,5e-06,['127.0.0.1'],['127.0.0.1'],"['20', '34011']","['20', '34011']",1,1,0,1,0,0
2025-01-08 13:15:57.601840,2025-01-08 13:15:57.601840,2025-01-08 13:15:57.601845,2025-01-08 13:15:57.601845,5e-06,['127.0.0.1'],['127.0.0.1'],"['34011', '38']","['34011', '38']",1,1,0,1,0,0
2025-01-08 13:15:57.601854,2025-01-08 13:15:57.601854,2025-01-08 13:15:57.601859,2025-01-08 13:15:57.601859,5e-06,['127.0.0.1'],['127.0.0.1'],"['5', '34011']","['5', '34011']",1,1,0,1,0,0
2025-01-08 13:15:57.601867,2025-01-08 13:15:57.601867,2025-01-08 13:15:57.601873,2025-01-08 13:15:57.601873,6e-06,['127.0.0.1'],['127.0.0.1'],"['34011', '9']","['34011', '9']",1,1,0,1,0,0
2025-01-08 13:15:57.601882,2025-01-08 13:15:57.601882,2025-01-08 13:15:57.601887,2025-01-08 13:15:57.601887,5e-06,['127.0.0.1'],['127.0.0.1'],"['0', '34011']","['0', '34011']",1,1,0,1,0,0
2025-01-08 13:15:57.601896,2025-01-08 13:15:57.601896,2025-01-08 13:15:57.601901,2025-01-08 13:15:57.601901,5e-06,['127.0.0.1'],['127.0.0.1'],"['19', '34011']","['19', '34011']",1,1,0,1,0,0
2025-01-08 13:15:57.601909,2025-01-08 13:15:57.601909,2025-01-08 13:15:57.601915,2025-01-08 13:15:57.601915,6e-06,['127.0.0.1'],['127.0.0.1'],"['34011', '49']","['34011', '49']",1,1,0,1,0,0
2025-01-08 13:15:57.601924,2025-01-08 13:15:57.601924,2025-01-08 13:15:57.601929,2025-01-08 13:15:57.601929,5e-06,['127.0.0.1'],['127.0.0.1'],"['13', '34011']","['13', '34011']",1,1,0,1,0,0
2025-01-08 13:15:57.601938,2025-01-08 13:15:57.601938,2025-01-08 13:15:57.601943,2025-01-08 13:15:57.601943,5e-06,['127.0.0.1'],['127.0.0.1'],"['41', '34011']","['41', '34011']",1,1,0,1,0,0
2025-01-08 13:15:57.601953,2025-01-08 13:15:57.601953,2025-01-08 13:15:57.601958,2025-01-08 13:15:57.601958,5e-06,['127.0.0.1'],['127.0.0.1'],"['34011', '1']","['34011', '1']",1,1,0,1,0,0
2025-01-08 13:15:57.601967,2025-01-08 13:15:57.601967,2025-01-08 13:15:57.601973,2025-01-08 13:15:57.601973,6e-06,['127.0.0.1'],['127.0.0.1'],"['34011', '24']","['34011', '24']",1,1,0,1,0,0
2025-01-08 13:15:57.601981,2025-01-08 13:15:57.601981,2025-01-08 13:15:57.601987,2025-01-08 13:15:57.601987,6e-06,['127.0.0.1'],['127.0.0.1'],"['34011', '2']","['34011', '2']",1,1,0,1,0,0
2025-01-08 13:15:57.601996,2025-01-08 13:15:57.601996,2025-01-08 13:15:57.602001,2025-01-08 13:15:57.602001,5e-06,['127.0.0.1'],['127.0.0.1'],"['42', '34011']","['42', '34011']",1,1,0,1,0,0
2025-01-08 13:15:57.602010,2025-01-08 13:15:57.602010,2025-01-08 13:15:57.602016,2025-01-08 13:15:57.602016,6e-06,['127.0.0.1'],['127.0.0.1'],"['34011', '4']","['34011', '4']",1,1,0,1,0,0
2025-01-08 13:15:57.602024,2025-01-08 13:15:57.602024,2025-01-08 13:15:57.602029,2025-01-08 13:15:57.602029,5e-06,['127.0.0.1'],['127.0.0.1'],"['34011', '34']","['34011', '34']",1,1,0,1,0,0
2025-01-08 13:15:58.738509,2025-01-08 13:15:58.738509,2025-01-08 13:15:58.738521,2025-01-08 13:15:58.738521,1.2e-05,['127.0.0.1'],['127.0.0.1'],"['64116', '43150']","['64116', '43150']",1,1,0,1,0,0
2025-01-08 13:15:59.742816,2025-01-08 13:15:59.742816,2025-01-08 13:15:59.742831,2025-01-08 13:15:59.742831,1.5e-05,['127.0.0.1'],['127.0.0.1'],"['1413', '51580']","['1413', '51580']",1,1,0,1,0,0
2025-01-08 13:16:00.747638,2025-01-08 13:16:00.747638,2025-01-08 13:16:00.747650,2025-01-08 13:16:00.747650,1.2e-05,['127.0.0.1'],['127.0.0.1'],"['22496', '48190']","['22496', '48190']",1,1,0,1,0,0
2025-01-08 13:16:01.751390,2025-01-08 13:16:01.751390,2025-01-08 13:16:01.751402,2025-01-08 13:16:01.751402,1.2e-05,['127.0.0.1'],['127.0.0.1'],"['58918', '20444']","['58918', '20444']",1,1,0,1,0,0
2025-01-08 13:16:02.755238,2025-01-08 13:16:02.755238,2025-01-08 13:16:02.755250,2025-01-08 13:16:02.755250,1.2e-05,['127.0.0.1'],['127.0.0.1'],"['55654', '62008']","['55654', '62008']",1,1,0,1,0,0
2025-01-08 13:16:03.759626,2025-01-08 13:16:03.759626,2025-01-08 13:16:03.759640,2025-01-08 13:16:03.759640,1.4e-05,['127.0.0.1'],['127.0.0.1'],"['44340', '36192']","['44340', '36192']",1,1,0,1,0,0
2025-01-08 13:16:04.764553,2025-01-08 13:16:04.764553,2025-01-08 13:16:04.764563,2025-01-08 13:16:04.764563,1e-05,['127.0.0.1'],['127.0.0.1'],"['48091', '33938']","['48091', '33938']",1,1,0,1,0,0
2025-01-08 13:16:05.880250,2025-01-08 13:16:05.880250,2025-01-08 13:16:05.880268,2025-01-08 13:16:05.880268,1.8e-05,['127.0.0.1'],['127.0.0.1'],"['21', '60587']","['21', '60587']",1,1,0,1,0,0
2025-01-08 13:16:05.880280,2025-01-08 13:16:05.880280,2025-01-08 13:16:05.880286,2025-01-08 13:16:05.880286,6e-06,['127.0.0.1'],['127.0.0.1'],"['60587', '22']","['60587', '22']",1,1,0,1,0,0
2025-01-08 13:16:05.880295,2025-01-08 13:16:05.880295,2025-01-08 13:16:05.880300,2025-01-08 13:16:05.880300,5e-06,['127.0.0.1'],['127.0.0.1'],"['60587', '25']","['60587', '25']",1,1,0,1,0,0
2025-01-08 13:16:05.880309,2025-01-08 13:16:05.880309,2025-01-08 13:16:05.880314,2025-01-08 13:16:05.880314,5e-06,['127.0.0.1'],['127.0.0.1'],"['23', '60587']","['23', '60587']",1,1,0,1,0,0
2025-01-08 13:16:05.880323,2025-01-08 13:16:05.880323,2025-01-08 13:16:05.880328,2025-01-08 13:16:05.880328,5e-06,['127.0.0.1'],['127.0.0.1'],"['19', '60587']","['19', '60587']",1,1,0,1,0,0
2025-01-08 13:16:05.880337,2025-01-08 13:16:05.880337,2025-01-08 13:16:05.880342,2025-01-08 13:16:05.880342,5e-06,['127.0.0.1'],['127.0.0.1'],"['60587', '49']","['60587', '49']",1,1,0,1,0,0
2025-01-08 13:16:05.880351,2025-01-08 13:16:05.880351,2025-01-08 13:16:05.880356,2025-01-08 13:16:05.880356,5e-06,['127.0.0.1'],['127.0.0.1'],"['60587', '36']","['60587', '36']",1,1,0,1,0,0
2025-01-08 13:16:05.880365,2025-01-08 13:16:05.880365,2025-01-08 13:16:05.880371,2025-01-08 13:16:05.880371,6e-06,['127.0.0.1'],['127.0.0.1'],"['60587', '40']","['60587', '40']",1,1,0,1,0,0
2025-01-08 13:16:05.880394,2025-01-08 13:16:05.880394,2025-01-08 13:16:05.880399,2025-01-08 13:16:05.880399,5e-06,['127.0.0.1'],['127.0.0.1'],"['60587', '29']","['60587', '29']",1,1,0,1,0,0
2025-01-08 13:16:05.880412,2025-01-08 13:16:05.880412,2025-01-08 13:16:05.880418,2025-01-08 13:16:05.880418,6e-06,['127.0.0.1'],['127.0.0.1'],"['60587', '9']","['60587', '9']",1,1,0,1,0,0
2025-01-08 13:16:05.880628,2025-01-08 13:16:05.880628,2025-01-08 13:16:05.880634,2025-01-08 13:16:05.880634,6e-06,['127.0.0.1'],['127.0.0.1'],"['60587', '33']","['60587', '33']",1,1,0,1,0,0
2025-01-08 13:16:05.880644,2025-01-08 13:16:05.880644,2025-01-08 13:16:05.880650,2025-01-08 13:16:05.880650,6e-06,['127.0.0.1'],['127.0.0.1'],"['60587', '17']","['60587', '17']",1,1,0,1,0,0
2025-01-08 13:16:05.880659,2025-01-08 13:16:05.880659,2025-01-08 13:16:05.880665,2025-01-08 13:16:05.880665,6e-06,['127.0.0.1'],['127.0.0.1'],"['15', '60587']","['15', '60587']",1,1,0,1,0,0
2025-01-08 13:16:05.880675,2025-01-08 13:16:05.880675,2025-01-08 13:16:05.880681,2025-01-08 13:16:05.880681,6e-06,['127.0.0.1'],['127.0.0.1'],"['60587', '8']","['60587', '8']",1,1,0,1,0,0
2025-01-08 13:16:05.880690,2025-01-08 13:16:05.880690,2025-01-08 13:16:05.880695,2025-01-08 13:16:05.880695,5e-06,['127.0.0.1'],['127.0.0.1'],"['60587', '34']","['60587', '34']",1,1,0,1,0,0
2025-01-08 13:16:05.880706,2025-01-08 13:16:05.880706,2025-01-08 13:16:05.880712,2025-01-08 13:16:05.880712,6e-06,['127.0.0.1'],['127.0.0.1'],"['60587', '31']","['60587', '31']",1,1,0,1,0,0
2025-01-08 13:16:05.880721,2025-01-08 13:16:05.880721,2025-01-08 13:16:05.880727,2025-01-08 13:16:05.880727,6e-06,['127.0.0.1'],['127.0.0.1'],"['60587', '1']","['60587', '1']",1,1,0,1,0,0
2025-01-08 13:16:05.880737,2025-01-08 13:16:05.880737,2025-01-08 13:16:05.880743,2025-01-08 13:16:05.880743,6e-06,['127.0.0.1'],['127.0.0.1'],"['60587', '44']","['60587', '44']",1,1,0,1,0,0
2025-01-08 13:16:05.880752,2025-01-08 13:16:05.880752,2025-01-08 13:16:05.880758,2025-01-08 13:16:05.880758,6e-06,['127.0.0.1'],['127.0.0.1'],"['60587', '45']","['60587', '45']",1,1,0,1,0,0
2025-01-08 13:16:05.880767,2025-01-08 13:16:05.880767,2025-01-08 13:16:05.880773,2025-01-08 13:16:05.880773,6e-06,['127.0.0.1'],['127.0.0.1'],"['60587', '18']","['60587', '18']",1,1,0,1,0,0
2025-01-08 13:16:05.880783,2025-01-08 13:16:05.880783,2025-01-08 13:16:05.880788,2025-01-08 13:16:05.880788,5e-06,['127.0.0.1'],['127.0.0.1'],"['60587', '24']","['60587', '24']",1,1,0,1,0,0
2025-01-08 13:16:05.880798,2025-01-08 13:16:05.880798,2025-01-08 13:16:05.880804,2025-01-08 13:16:05.880804,6e-06,['127.0.0.1'],['127.0.0.1'],"['60587', '39']","['60587', '39']",1,1,0,1,0,0
2025-01-08 13:16:05.880813,2025-01-08 13:16:05.880813,2025-01-08 13:16:05.880819,2025-01-08 13:16:05.880819,6e-06,['127.0.0.1'],['127.0.0.1'],"['60587', '16']","['60587', '16']",1,1,0,1,0,0
2025-01-08 13:16:05.880829,2025-01-08 13:16:05.880829,2025-01-08 13:16:05.880834,2025-01-08 13:16:05.880834,5e-06,['127.0.0.1'],['127.0.0.1'],"['60587', '30']","['60587', '30']",1,1,0,1,0,0
2025-01-08 13:16:05.880844,2025-01-08 13:16:05.880844,2025-01-08 13:16:05.880850,2025-01-08 13:16:05.880850,6e-06,['127.0.0.1'],['127.0.0.1'],"['60587', '14']","['60587', '14']",1,1,0,1,0,0
2025-01-08 13:16:05.880859,2025-01-08 13:16:05.880859,2025-01-08 13:16:05.880864,2025-01-08 13:16:05.880864,5e-06,['127.0.0.1'],['127.0.0.1'],"['41', '60587']","['60587', '41']",1,1,0,1,0,0
2025-01-08 13:16:05.880874,2025-01-08 13:16:05.880874,2025-01-08 13:16:05.880880,2025-01-08 13:16:05.880880,6e-06,['127.0.0.1'],['127.0.0.1'],"['60587', '12']","['60587', '12']",1,1,0,1,0,0
2025-01-08 13:16:05.880892,2025-01-08 13:16:05.880892,2025-01-08 13:16:05.880898,2025-01-08 13:16:05.880898,6e-06,['127.0.0.1'],['127.0.0.1'],"['48', '60587']","['48', '60587']",1,1,0,1,0,0
2025-01-08 13:16:05.880907,2025-01-08 13:16:05.880907,2025-01-08 13:16:05.880913,2025-01-08 13:16:05.880913,6e-06,['127.0.0.1'],['127.0.0.1'],"['60587', '0']","['60587', '0']",1,1,0,1,0,0
2025-01-08 13:16:05.880922,2025-01-08 13:16:05.880922,2025-01-08 13:16:05.880927,2025-01-08 13:16:05.880927,5e-06,['127.0.0.1'],['127.0.0.1'],"['60587', '28']","['60587', '28']",1,1,0,1,0,0
2025-01-08 13:16:05.881257,2025-01-08 13:16:05.881257,2025-01-08 13:16:05.881263,2025-01-08 13:16:05.881263,6e-06,['127.0.0.1'],['127.0.0.1'],"['60587', '20']","['60587', '20']",1,1,0,1,0,0
2025-01-08 13:16:05.881272,2025-01-08 13:16:05.881272,2025-01-08 13:16:05.881278,2025-01-08 13:16:05.881278,6e-06,['127.0.0.1'],['127.0.0.1'],"['60587', '10']","['60587', '10']",1,1,0,1,0,0
2025-01-08 13:16:05.881288,2025-01-08 13:16:05.881288,2025-01-08 13:16:05.881293,2025-01-08 13:16:05.881293,5e-06,['127.0.0.1'],['127.0.0.1'],"['60587', '43']","['60587', '43']",1,1,0,1,0,0
2025-01-08 13:16:05.881303,2025-01-08 13:16:05.881303,2025-01-08 13:16:05.881309,2025-01-08 13:16:05.881309,6e-06,['127.0.0.1'],['127.0.0.1'],"['60587', '42']","['60587', '42']",1,1,0,1,0,0
2025-01-08 13:16:05.881319,2025-01-08 13:16:05.881319,2025-01-08 13:16:05.881324,2025-01-08 13:16:05.881324,5e-06,['127.0.0.1'],['127.0.0.1'],"['32', '60587']","['32', '60587']",1,1,0,1,0,0
2025-01-08 13:16:05.881335,2025-01-08 13:16:05.881335,2025-01-08 13:16:05.881340,2025-01-08 13:16:05.881340,5e-06,['127.0.0.1'],['127.0.0.1'],"['60587', '37']","['60587', '37']",1,1,0,1,0,0
2025-01-08 13:16:05.881350,2025-01-08 13:16:05.881350,2025-01-08 13:16:05.881356,2025-01-08 13:16:05.881356,6e-06,['127.0.0.1'],['127.0.0.1'],"['60587', '50']","['60587', '50']",1,1,0,1,0,0
2025-01-08 13:16:05.881367,2025-01-08 13:16:05.881367,2025-01-08 13:16:05.881372,2025-01-08 13:16:05.881372,5e-06,['127.0.0.1'],['127.0.0.1'],"['60587', '3']","['60587', '3']",1,1,0,1,0,0
2025-01-08 13:16:05.881382,2025-01-08 13:16:05.881382,2025-01-08 13:16:05.881388,2025-01-08 13:16:05.881388,6e-06,['127.0.0.1'],['127.0.0.1'],"['60587', '35']","['60587', '35']",1,1,0,1,0,0
2025-01-08 13:16:05.881397,2025-01-08 13:16:05.881397,2025-01-08 13:16:05.881412,2025-01-08 13:16:05.881412,1.5e-05,['127.0.0.1'],['127.0.0.1'],"['60587', '7']","['60587', '7']",1,1,0,1,0,0
2025-01-08 13:16:05.881420,2025-01-08 13:16:05.881420,2025-01-08 13:16:05.881426,2025-01-08 13:16:05.881426,6e-06,['127.0.0.1'],['127.0.0.1'],"['60587', '13']","['60587', '13']",1,1,0,1,0,0
2025-01-08 13:16:05.881434,2025-01-08 13:16:05.881434,2025-01-08 13:16:05.881439,2025-01-08 13:16:05.881439,5e-06,['127.0.0.1'],['127.0.0.1'],"['60587', '4']","['60587', '4']",1,1,0,1,0,0
2025-01-08 13:16:05.881448,2025-01-08 13:16:05.881448,2025-01-08 13:16:05.881452,2025-01-08 13:16:05.881452,4e-06,['127.0.0.1'],['127.0.0.1'],"['60587', '46']","['60587', '46']",1,1,0,1,0,0
2025-01-08 13:16:05.881461,2025-01-08 13:16:05.881461,2025-01-08 13:16:05.881466,2025-01-08 13:16:05.881466,5e-06,['127.0.0.1'],['127.0.0.1'],"['60587', '27']","['60587', '27']",1,1,0,1,0,0
2025-01-08 13:16:05.881475,2025-01-08 13:16:05.881475,2025-01-08 13:16:05.881480,2025-01-08 13:16:05.881480,5e-06,['127.0.0.1'],['127.0.0.1'],"['60587', '11']","['60587', '11']",1,1,0,1,0,0
2025-01-08 13:16:05.881488,2025-01-08 13:16:05.881488,2025-01-08 13:16:05.881493,2025-01-08 13:16:05.881493,5e-06,['127.0.0.1'],['127.0.0.1'],"['60587', '5']","['60587', '5']",1,1,0,1,0,0
2025-01-08 13:16:05.881501,2025-01-08 13:16:05.881501,2025-01-08 13:16:05.881506,2025-01-08 13:16:05.881506,5e-06,['127.0.0.1'],['127.0.0.1'],"['60587', '2']","['60587', '2']",1,1,0,1,0,0
2025-01-08 13:16:05.881515,2025-01-08 13:16:05.881515,2025-01-08 13:16:05.881520,2025-01-08 13:16:05.881520,5e-06,['127.0.0.1'],['127.0.0.1'],"['60587', '38']","['60587', '38']",1,1,0,1,0,0
2025-01-08 13:16:05.881528,2025-01-08 13:16:05.881528,2025-01-08 13:16:05.881533,2025-01-08 13:16:05.881533,5e-06,['127.0.0.1'],['127.0.0.1'],"['60587', '6']","['60587', '6']",1,1,0,1,0,0
2025-01-08 13:16:05.881541,2025-01-08 13:16:05.881541,2025-01-08 13:16:05.881546,2025-01-08 13:16:05.881546,5e-06,['127.0.0.1'],['127.0.0.1'],"['60587', '26']","['60587', '26']",1,1,0,1,0,0
2025-01-08 13:16:05.881555,2025-01-08 13:16:05.881555,2025-01-08 13:16:05.881560,2025-01-08 13:16:05.881560,5e-06,['127.0.0.1'],['127.0.0.1'],"['60587', '47']","['60587', '47']",1,1,0,1,0,0
2025-01-08 13:16:06.985531,2025-01-08 13:16:06.985531,2025-01-08 13:16:06.985542,2025-01-08 13:16:06.985542,1.1e-05,['127.0.0.1'],['127.0.0.1'],"['46806', '6454']","['46806', '6454']",1,1,0,1,0,0
2025-01-08 13:16:07.989735,2025-01-08 13:16:07.989735,2025-01-08 13:16:07.989746,2025-01-08 13:16:07.989746,1.1e-05,['127.0.0.1'],['127.0.0.1'],"['46708', '30855']","['46708', '30855']",1,1,0,1,0,0
2025-01-08 13:16:08.994033,2025-01-08 13:16:08.994033,2025-01-08 13:16:08.994044,2025-01-08 13:16:08.994044,1.1e-05,['127.0.0.1'],['127.0.0.1'],"['15305', '43848']","['15305', '43848']",1,1,0,1,0,0
2025-01-08 13:16:09.999153,2025-01-08 13:16:09.999153,2025-01-08 13:16:09.999168,2025-01-08 13:16:09.999168,1.5e-05,['127.0.0.1'],['127.0.0.1'],"['62641', '37796']","['62641', '37796']",1,1,0,1,0,0
2025-01-08 13:16:11.140349,2025-01-08 13:16:11.140349,2025-01-08 13:16:11.140378,2025-01-08 13:16:11.140378,2.9e-05,['127.0.0.1'],['127.0.0.1'],"['23', '45055']","['23', '45055']",1,1,0,1,0,0
2025-01-08 13:16:11.140407,2025-01-08 13:16:11.140407,2025-01-08 13:16:11.140419,2025-01-08 13:16:11.140419,1.2e-05,['127.0.0.1'],['127.0.0.1'],"['21', '45055']","['21', '45055']",1,1,0,1,0,0
2025-01-08 13:16:11.140440,2025-01-08 13:16:11.140440,2025-01-08 13:16:11.140452,2025-01-08 13:16:11.140452,1.2e-05,['127.0.0.1'],['127.0.0.1'],"['45055', '25']","['45055', '25']",1,1,0,1,0,0
2025-01-08 13:16:11.140468,2025-01-08 13:16:11.140468,2025-01-08 13:16:11.140474,2025-01-08 13:16:11.140474,6e-06,['127.0.0.1'],['127.0.0.1'],"['45055', '22']","['45055', '22']",1,1,0,1,0,0
2025-01-08 13:16:11.140483,2025-01-08 13:16:11.140483,2025-01-08 13:16:11.140488,2025-01-08 13:16:11.140488,5e-06,['127.0.0.1'],['127.0.0.1'],"['45055', '50']","['45055', '50']",1,1,0,1,0,0
2025-01-08 13:16:11.140497,2025-01-08 13:16:11.140497,2025-01-08 13:16:11.140502,2025-01-08 13:16:11.140502,5e-06,['127.0.0.1'],['127.0.0.1'],"['45055', '2']","['45055', '2']",1,1,0,1,0,0
2025-01-08 13:16:11.140512,2025-01-08 13:16:11.140512,2025-01-08 13:16:11.140517,2025-01-08 13:16:11.140517,5e-06,['127.0.0.1'],['127.0.0.1'],"['0', '45055']","['0', '45055']",1,1,0,1,0,0
2025-01-08 13:16:11.140525,2025-01-08 13:16:11.140525,2025-01-08 13:16:11.140531,2025-01-08 13:16:11.140531,6e-06,['127.0.0.1'],['127.0.0.1'],"['45055', '9']","['45055', '9']",1,1,0,1,0,0
2025-01-08 13:16:11.140539,2025-01-08 13:16:11.140539,2025-01-08 13:16:11.140544,2025-01-08 13:16:11.140544,5e-06,['127.0.0.1'],['127.0.0.1'],"['16', '45055']","['16', '45055']",1,1,0,1,0,0
2025-01-08 13:16:11.140554,2025-01-08 13:16:11.140554,2025-01-08 13:16:11.140559,2025-01-08 13:16:11.140559,5e-06,['127.0.0.1'],['127.0.0.1'],"['20', '45055']","['20', '45055']",1,1,0,1,0,0
2025-01-08 13:16:11.140738,2025-01-08 13:16:11.140738,2025-01-08 13:16:11.140743,2025-01-08 13:16:11.140743,5e-06,['127.0.0.1'],['127.0.0.1'],"['24', '45055']","['45055', '24']",1,1,0,1,0,0
2025-01-08 13:16:11.140752,2025-01-08 13:16:11.140752,2025-01-08 13:16:11.140757,2025-01-08 13:16:11.140757,5e-06,['127.0.0.1'],['127.0.0.1'],"['7', '45055']","['7', '45055']",1,1,0,1,0,0
2025-01-08 13:16:11.140766,2025-01-08 13:16:11.140766,2025-01-08 13:16:11.140771,2025-01-08 13:16:11.140771,5e-06,['127.0.0.1'],['127.0.0.1'],"['30', '45055']","['30', '45055']",1,1,0,1,0,0
2025-01-08 13:16:11.140779,2025-01-08 13:16:11.140779,2025-01-08 13:16:11.140785,2025-01-08 13:16:11.140785,6e-06,['127.0.0.1'],['127.0.0.1'],"['45055', '45']","['45055', '45']",1,1,0,1,0,0
2025-01-08 13:16:11.140793,2025-01-08 13:16:11.140793,2025-01-08 13:16:11.140798,2025-01-08 13:16:11.140798,5e-06,['127.0.0.1'],['127.0.0.1'],"['45055', '31']","['45055', '31']",1,1,0,1,0,0
2025-01-08 13:16:11.140807,2025-01-08 13:16:11.140807,2025-01-08 13:16:11.140812,2025-01-08 13:16:11.140812,5e-06,['127.0.0.1'],['127.0.0.1'],"['45055', '12']","['45055', '12']",1,1,0,1,0,0
2025-01-08 13:16:11.140821,2025-01-08 13:16:11.140821,2025-01-08 13:16:11.140826,2025-01-08 13:16:11.140826,5e-06,['127.0.0.1'],['127.0.0.1'],"['45055', '29']","['45055', '29']",1,1,0,1,0,0
2025-01-08 13:16:11.140834,2025-01-08 13:16:11.140834,2025-01-08 13:16:11.140840,2025-01-08 13:16:11.140840,6e-06,['127.0.0.1'],['127.0.0.1'],"['45055', '37']","['45055', '37']",1,1,0,1,0,0
2025-01-08 13:16:11.140848,2025-01-08 13:16:11.140848,2025-01-08 13:16:11.140853,2025-01-08 13:16:11.140853,5e-06,['127.0.0.1'],['127.0.0.1'],"['45055', '46']","['45055', '46']",1,1,0,1,0,0
2025-01-08 13:16:11.140862,2025-01-08 13:16:11.140862,2025-01-08 13:16:11.140867,2025-01-08 13:16:11.140867,5e-06,['127.0.0.1'],['127.0.0.1'],"['45055', '35']","['45055', '35']",1,1,0,1,0,0
2025-01-08 13:16:11.140876,2025-01-08 13:16:11.140876,2025-01-08 13:16:11.140881,2025-01-08 13:16:11.140881,5e-06,['127.0.0.1'],['127.0.0.1'],"['45055', '10']","['45055', '10']",1,1,0,1,0,0
2025-01-08 13:16:11.140890,2025-01-08 13:16:11.140890,2025-01-08 13:16:11.140895,2025-01-08 13:16:11.140895,5e-06,['127.0.0.1'],['127.0.0.1'],"['18', '45055']","['18', '45055']",1,1,0,1,0,0
2025-01-08 13:16:11.140903,2025-01-08 13:16:11.140903,2025-01-08 13:16:11.140908,2025-01-08 13:16:11.140908,5e-06,['127.0.0.1'],['127.0.0.1'],"['13', '45055']","['13', '45055']",1,1,0,1,0,0
2025-01-08 13:16:11.140917,2025-01-08 13:16:11.140917,2025-01-08 13:16:11.140922,2025-01-08 13:16:11.140922,5e-06,['127.0.0.1'],['127.0.0.1'],"['45055', '28']","['45055', '28']",1,1,0,1,0,0
2025-01-08 13:16:11.140931,2025-01-08 13:16:11.140931,2025-01-08 13:16:11.140936,2025-01-08 13:16:11.140936,5e-06,['127.0.0.1'],['127.0.0.1'],"['45055', '40']","['45055', '40']",1,1,0,1,0,0
2025-01-08 13:16:11.140944,2025-01-08 13:16:11.140944,2025-01-08 13:16:11.140949,2025-01-08 13:16:11.140949,5e-06,['127.0.0.1'],['127.0.0.1'],"['48', '45055']","['48', '45055']",1,1,0,1,0,0
2025-01-08 13:16:11.140958,2025-01-08 13:16:11.140958,2025-01-08 13:16:11.140963,2025-01-08 13:16:11.140963,5e-06,['127.0.0.1'],['127.0.0.1'],"['45055', '43']","['45055', '43']",1,1,0,1,0,0
2025-01-08 13:16:11.140973,2025-01-08 13:16:11.140973,2025-01-08 13:16:11.140979,2025-01-08 13:16:11.140979,6e-06,['127.0.0.1'],['127.0.0.1'],"['15', '45055']","['15', '45055']",1,1,0,1,0,0
2025-01-08 13:16:11.140988,2025-01-08 13:16:11.140988,2025-01-08 13:16:11.140993,2025-01-08 13:16:11.140993,5e-06,['127.0.0.1'],['127.0.0.1'],"['11', '45055']","['11', '45055']",1,1,0,1,0,0
2025-01-08 13:16:11.141001,2025-01-08 13:16:11.141001,2025-01-08 13:16:11.141006,2025-01-08 13:16:11.141006,5e-06,['127.0.0.1'],['127.0.0.1'],"['45055', '47']","['45055', '47']",1,1,0,1,0,0
2025-01-08 13:16:11.141299,2025-01-08 13:16:11.141299,2025-01-08 13:16:11.141304,2025-01-08 13:16:11.141304,5e-06,['127.0.0.1'],['127.0.0.1'],"['45055', '3']","['45055', '3']",1,1,0,1,0,0
2025-01-08 13:16:11.141313,2025-01-08 13:16:11.141313,2025-01-08 13:16:11.141318,2025-01-08 13:16:11.141318,5e-06,['127.0.0.1'],['127.0.0.1'],"['49', '45055']","['49', '45055']",1,1,0,1,0,0
2025-01-08 13:16:11.141326,2025-01-08 13:16:11.141326,2025-01-08 13:16:11.141331,2025-01-08 13:16:11.141331,5e-06,['127.0.0.1'],['127.0.0.1'],"['19', '45055']","['19', '45055']",1,1,0,1,0,0
2025-01-08 13:16:11.141340,2025-01-08 13:16:11.141340,2025-01-08 13:16:11.141345,2025-01-08 13:16:11.141345,5e-06,['127.0.0.1'],['127.0.0.1'],"['4', '45055']","['45055', '4']",1,1,0,1,0,0
2025-01-08 13:16:11.141354,2025-01-08 13:16:11.141354,2025-01-08 13:16:11.141359,2025-01-08 13:16:11.141359,5e-06,['127.0.0.1'],['127.0.0.1'],"['5', '45055']","['5', '45055']",1,1,0,1,0,0
2025-01-08 13:16:11.141368,2025-01-08 13:16:11.141368,2025-01-08 13:16:11.141372,2025-01-08 13:16:11.141372,4e-06,['127.0.0.1'],['127.0.0.1'],"['36', '45055']","['36', '45055']",1,1,0,1,0,0
2025-01-08 13:16:11.141381,2025-01-08 13:16:11.141381,2025-01-08 13:16:11.141387,2025-01-08 13:16:11.141387,6e-06,['127.0.0.1'],['127.0.0.1'],"['32', '45055']","['32', '45055']",1,1,0,1,0,0
2025-01-08 13:16:11.141395,2025-01-08 13:16:11.141395,2025-01-08 13:16:11.141400,2025-01-08 13:16:11.141400,5e-06,['127.0.0.1'],['127.0.0.1'],"['45055', '27']","['45055', '27']",1,1,0,1,0,0
2025-01-08 13:16:11.141408,2025-01-08 13:16:11.141408,2025-01-08 13:16:11.141414,2025-01-08 13:16:11.141414,6e-06,['127.0.0.1'],['127.0.0.1'],"['45055', '26']","['45055', '26']",1,1,0,1,0,0
2025-01-08 13:16:11.141423,2025-01-08 13:16:11.141423,2025-01-08 13:16:11.141428,2025-01-08 13:16:11.141428,5e-06,['127.0.0.1'],['127.0.0.1'],"['45055', '17']","['45055', '17']",1,1,0,1,0,0
2025-01-08 13:16:11.141436,2025-01-08 13:16:11.141436,2025-01-08 13:16:11.141442,2025-01-08 13:16:11.141442,6e-06,['127.0.0.1'],['127.0.0.1'],"['44', '45055']","['45055', '44']",1,1,0,1,0,0
2025-01-08 13:16:11.141450,2025-01-08 13:16:11.141450,2025-01-08 13:16:11.141455,2025-01-08 13:16:11.141455,5e-06,['127.0.0.1'],['127.0.0.1'],"['45055', '1']","['45055', '1']",1,1,0,1,0,0
2025-01-08 13:16:11.141464,2025-01-08 13:16:11.141464,2025-01-08 13:16:11.141469,2025-01-08 13:16:11.141469,5e-06,['127.0.0.1'],['127.0.0.1'],"['42', '45055']","['42', '45055']",1,1,0,1,0,0
2025-01-08 13:16:11.141477,2025-01-08 13:16:11.141477,2025-01-08 13:16:11.141483,2025-01-08 13:16:11.141483,6e-06,['127.0.0.1'],['127.0.0.1'],"['45055', '33']","['45055', '33']",1,1,0,1,0,0
2025-01-08 13:16:11.141491,2025-01-08 13:16:11.141491,2025-01-08 13:16:11.141496,2025-01-08 13:16:11.141496,5e-06,['127.0.0.1'],['127.0.0.1'],"['34', '45055']","['34', '45055']",1,1,0,1,0,0
2025-01-08 13:16:11.141505,2025-01-08 13:16:11.141505,2025-01-08 13:16:11.141509,2025-01-08 13:16:11.141509,4e-06,['127.0.0.1'],['127.0.0.1'],"['45055', '14']","['45055', '14']",1,1,0,1,0,0
2025-01-08 13:16:11.141518,2025-01-08 13:16:11.141518,2025-01-08 13:16:11.141524,2025-01-08 13:16:11.141524,6e-06,['127.0.0.1'],['127.0.0.1'],"['45055', '39']","['45055', '39']",1,1,0,1,0,0
2025-01-08 13:16:11.141532,2025-01-08 13:16:11.141532,2025-01-08 13:16:11.141537,2025-01-08 13:16:11.141537,5e-06,['127.0.0.1'],['127.0.0.1'],"['45055', '6']","['45055', '6']",1,1,0,1,0,0
2025-01-08 13:16:11.141546,2025-01-08 13:16:11.141546,2025-01-08 13:16:11.141551,2025-01-08 13:16:11.141551,5e-06,['127.0.0.1'],['127.0.0.1'],"['41', '45055']","['41', '45055']",1,1,0,1,0,0
2025-01-08 13:16:11.141559,2025-01-08 13:16:11.141559,2025-01-08 13:16:11.141565,2025-01-08 13:16:11.141565,6e-06,['127.0.0.1'],['127.0.0.1'],"['45055', '8']","['45055', '8']",1,1,0,1,0,0
2025-01-08 13:16:11.141573,2025-01-08 13:16:11.141573,2025-01-08 13:16:11.141578,2025-01-08 13:16:11.141578,5e-06,['127.0.0.1'],['127.0.0.1'],"['45055', '38']","['45055', '38']",1,1,0,1,0,0
2025-01-08 13:16:12.256964,2025-01-08 13:16:12.256964,2025-01-08 13:16:12.256976,2025-01-08 13:16:12.256976,1.2e-05,['127.0.0.1'],['127.0.0.1'],"['55198', '60606']","['55198', '60606']",1,1,0,1,0,0
2025-01-08 13:16:13.261745,2025-01-08 13:16:13.261745,2025-01-08 13:16:13.261756,2025-01-08 13:16:13.261756,1.1e-05,['127.0.0.1'],['127.0.0.1'],"['59404', '60996']","['59404', '60996']",1,1,0,1,0,0
2025-01-08 13:16:14.266008,2025-01-08 13:16:14.266008,2025-01-08 13:16:14.266020,2025-01-08 13:16:14.266020,1.2e-05,['127.0.0.1'],['127.0.0.1'],"['46170', '45091']","['46170', '45091']",1,1,0,1,0,0
2025-01-08 13:16:15.270019,2025-01-08 13:16:15.270019,2025-01-08 13:16:15.270030,2025-01-08 13:16:15.270030,1.1e-05,['127.0.0.1'],['127.0.0.1'],"['11606', '56274']","['56274', '11606']",1,1,0,1,0,0
2025-01-08 13:16:16.273786,2025-01-08 13:16:16.273786,2025-01-08 13:16:16.273797,2025-01-08 13:16:16.273797,1.1e-05,['127.0.0.1'],['127.0.0.1'],"['55426', '5662']","['55426', '5662']",1,1,0,1,0,0
2025-01-08 13:16:17.403174,2025-01-08 13:16:17.403174,2025-01-08 13:16:17.403204,2025-01-08 13:16:17.403204,3e-05,['127.0.0.1'],['127.0.0.1'],"['21', '42194']","['21', '42194']",1,1,0,1,0,0
2025-01-08 13:16:17.403225,2025-01-08 13:16:17.403225,2025-01-08 13:16:17.403235,2025-01-08 13:16:17.403235,1e-05,['127.0.0.1'],['127.0.0.1'],"['42194', '25']","['25', '42194']",1,1,0,1,0,0
2025-01-08 13:16:17.403251,2025-01-08 13:16:17.403251,2025-01-08 13:16:17.403260,2025-01-08 13:16:17.403260,9e-06,['127.0.0.1'],['127.0.0.1'],"['42194', '22']","['42194', '22']",1,1,0,1,0,0
2025-01-08 13:16:17.403275,2025-01-08 13:16:17.403275,2025-01-08 13:16:17.403285,2025-01-08 13:16:17.403285,1e-05,['127.0.0.1'],['127.0.0.1'],"['23', '42194']","['23', '42194']",1,1,0,1,0,0
2025-01-08 13:16:17.403301,2025-01-08 13:16:17.403301,2025-01-08 13:16:17.403310,2025-01-08 13:16:17.403310,9e-06,['127.0.0.1'],['127.0.0.1'],"['42194', '28']","['42194', '28']",1,1,0,1,0,0
2025-01-08 13:16:17.403325,2025-01-08 13:16:17.403325,2025-01-08 13:16:17.403334,2025-01-08 13:16:17.403334,9e-06,['127.0.0.1'],['127.0.0.1'],"['48', '42194']","['48', '42194']",1,1,0,1,0,0
2025-01-08 13:16:17.403350,2025-01-08 13:16:17.403350,2025-01-08 13:16:17.403359,2025-01-08 13:16:17.403359,9e-06,['127.0.0.1'],['127.0.0.1'],"['42194', '35']","['35', '42194']",1,1,0,1,0,0
2025-01-08 13:16:17.403374,2025-01-08 13:16:17.403374,2025-01-08 13:16:17.403383,2025-01-08 13:16:17.403383,9e-06,['127.0.0.1'],['127.0.0.1'],"['30', '42194']","['30', '42194']",1,1,0,1,0,0
2025-01-08 13:16:17.403398,2025-01-08 13:16:17.403398,2025-01-08 13:16:17.403406,2025-01-08 13:16:17.403406,8e-06,['127.0.0.1'],['127.0.0.1'],"['37', '42194']","['37', '42194']",1,1,0,1,0,0
2025-01-08 13:16:17.403425,2025-01-08 13:16:17.403425,2025-01-08 13:16:17.403434,2025-01-08 13:16:17.403434,9e-06,['127.0.0.1'],['127.0.0.1'],"['42194', '26']","['42194', '26']",1,1,0,1,0,0
2025-01-08 13:16:17.403695,2025-01-08 13:16:17.403695,2025-01-08 13:16:17.403705,2025-01-08 13:16:17.403705,1e-05,['127.0.0.1'],['127.0.0.1'],"['42194', '6']","['42194', '6']",1,1,0,1,0,0
2025-01-08 13:16:17.403721,2025-01-08 13:16:17.403721,2025-01-08 13:16:17.403729,2025-01-08 13:16:17.403729,8e-06,['127.0.0.1'],['127.0.0.1'],"['10', '42194']","['10', '42194']",1,1,0,1,0,0
2025-01-08 13:16:17.403744,2025-01-08 13:16:17.403744,2025-01-08 13:16:17.403754,2025-01-08 13:16:17.403754,1e-05,['127.0.0.1'],['127.0.0.1'],"['43', '42194']","['43', '42194']",1,1,0,1,0,0
2025-01-08 13:16:17.403769,2025-01-08 13:16:17.403769,2025-01-08 13:16:17.403778,2025-01-08 13:16:17.403778,9e-06,['127.0.0.1'],['127.0.0.1'],"['12', '42194']","['12', '42194']",1,1,0,1,0,0
2025-01-08 13:16:17.403793,2025-01-08 13:16:17.403793,2025-01-08 13:16:17.403802,2025-01-08 13:16:17.403802,9e-06,['127.0.0.1'],['127.0.0.1'],"['41', '42194']","['41', '42194']",1,1,0,1,0,0
2025-01-08 13:16:17.403817,2025-01-08 13:16:17.403817,2025-01-08 13:16:17.403826,2025-01-08 13:16:17.403826,9e-06,['127.0.0.1'],['127.0.0.1'],"['42194', '27']","['27', '42194']",1,1,0,1,0,0
2025-01-08 13:16:17.403842,2025-01-08 13:16:17.403842,2025-01-08 13:16:17.403851,2025-01-08 13:16:17.403851,9e-06,['127.0.0.1'],['127.0.0.1'],"['34', '42194']","['34', '42194']",1,1,0,1,0,0
2025-01-08 13:16:17.403866,2025-01-08 13:16:17.403866,2025-01-08 13:16:17.403875,2025-01-08 13:16:17.403875,9e-06,['127.0.0.1'],['127.0.0.1'],"['5', '42194']","['5', '42194']",1,1,0,1,0,0
2025-01-08 13:16:17.403892,2025-01-08 13:16:17.403892,2025-01-08 13:16:17.403900,2025-01-08 13:16:17.403900,8e-06,['127.0.0.1'],['127.0.0.1'],"['42194', '8']","['42194', '8']",1,1,0,1,0,0
2025-01-08 13:16:17.403916,2025-01-08 13:16:17.403916,2025-01-08 13:16:17.403924,2025-01-08 13:16:17.403924,8e-06,['127.0.0.1'],['127.0.0.1'],"['36', '42194']","['36', '42194']",1,1,0,1,0,0
2025-01-08 13:16:17.403939,2025-01-08 13:16:17.403939,2025-01-08 13:16:17.403949,2025-01-08 13:16:17.403949,1e-05,['127.0.0.1'],['127.0.0.1'],"['20', '42194']","['20', '42194']",1,1,0,1,0,0
2025-01-08 13:16:17.403960,2025-01-08 13:16:17.403960,2025-01-08 13:16:17.403966,2025-01-08 13:16:17.403966,6e-06,['127.0.0.1'],['127.0.0.1'],"['0', '42194']","['0', '42194']",1,1,0,1,0,0
2025-01-08 13:16:17.403976,2025-01-08 13:16:17.403976,2025-01-08 13:16:17.403982,2025-01-08 13:16:17.403982,6e-06,['127.0.0.1'],['127.0.0.1'],"['44', '42194']","['44', '42194']",1,1,0,1,0,0
2025-01-08 13:16:17.403991,2025-01-08 13:16:17.403991,2025-01-08 13:16:17.403997,2025-01-08 13:16:17.403997,6e-06,['127.0.0.1'],['127.0.0.1'],"['24', '42194']","['24', '42194']",1,1,0,1,0,0
2025-01-08 13:16:17.404008,2025-01-08 13:16:17.404008,2025-01-08 13:16:17.404014,2025-01-08 13:16:17.404014,6e-06,['127.0.0.1'],['127.0.0.1'],"['32', '42194']","['32', '42194']",1,1,0,1,0,0
2025-01-08 13:16:17.404023,2025-01-08 13:16:17.404023,2025-01-08 13:16:17.404029,2025-01-08 13:16:17.404029,6e-06,['127.0.0.1'],['127.0.0.1'],"['42194', '31']","['42194', '31']",1,1,0,1,0,0
2025-01-08 13:16:17.404039,2025-01-08 13:16:17.404039,2025-01-08 13:16:17.404044,2025-01-08 13:16:17.404044,5e-06,['127.0.0.1'],['127.0.0.1'],"['7', '42194']","['7', '42194']",1,1,0,1,0,0
2025-01-08 13:16:17.404056,2025-01-08 13:16:17.404056,2025-01-08 13:16:17.404062,2025-01-08 13:16:17.404062,6e-06,['127.0.0.1'],['127.0.0.1'],"['19', '42194']","['19', '42194']",1,1,0,1,0,0
2025-01-08 13:16:17.404071,2025-01-08 13:16:17.404071,2025-01-08 13:16:17.404077,2025-01-08 13:16:17.404077,6e-06,['127.0.0.1'],['127.0.0.1'],"['42194', '40']","['42194', '40']",1,1,0,1,0,0
2025-01-08 13:16:17.404086,2025-01-08 13:16:17.404086,2025-01-08 13:16:17.404093,2025-01-08 13:16:17.404093,7e-06,['127.0.0.1'],['127.0.0.1'],"['14', '42194']","['14', '42194']",1,1,0,1,0,0
2025-01-08 13:16:17.404392,2025-01-08 13:16:17.404392,2025-01-08 13:16:17.404397,2025-01-08 13:16:17.404397,5e-06,['127.0.0.1'],['127.0.0.1'],"['42194', '2']","['42194', '2']",1,1,0,1,0,0
2025-01-08 13:16:17.404407,2025-01-08 13:16:17.404407,2025-01-08 13:16:17.404412,2025-01-08 13:16:17.404412,5e-06,['127.0.0.1'],['127.0.0.1'],"['42194', '1']","['42194', '1']",1,1,0,1,0,0
2025-01-08 13:16:17.404420,2025-01-08 13:16:17.404420,2025-01-08 13:16:17.404425,2025-01-08 13:16:17.404425,5e-06,['127.0.0.1'],['127.0.0.1'],"['9', '42194']","['9', '42194']",1,1,0,1,0,0
2025-01-08 13:16:17.404434,2025-01-08 13:16:17.404434,2025-01-08 13:16:17.404439,2025-01-08 13:16:17.404439,5e-06,['127.0.0.1'],['127.0.0.1'],"['11', '42194']","['11', '42194']",1,1,0,1,0,0
2025-01-08 13:16:17.404448,2025-01-08 13:16:17.404448,2025-01-08 13:16:17.404453,2025-01-08 13:16:17.404453,5e-06,['127.0.0.1'],['127.0.0.1'],"['49', '42194']","['49', '42194']",1,1,0,1,0,0
2025-01-08 13:16:17.404461,2025-01-08 13:16:17.404461,2025-01-08 13:16:17.404466,2025-01-08 13:16:17.404466,5e-06,['127.0.0.1'],['127.0.0.1'],"['16', '42194']","['16', '42194']",1,1,0,1,0,0
2025-01-08 13:16:17.404474,2025-01-08 13:16:17.404474,2025-01-08 13:16:17.404480,2025-01-08 13:16:17.404480,6e-06,['127.0.0.1'],['127.0.0.1'],"['4', '42194']","['4', '42194']",1,1,0,1,0,0
2025-01-08 13:16:17.404489,2025-01-08 13:16:17.404489,2025-01-08 13:16:17.404494,2025-01-08 13:16:17.404494,5e-06,['127.0.0.1'],['127.0.0.1'],"['42', '42194']","['42', '42194']",1,1,0,1,0,0
2025-01-08 13:16:17.404503,2025-01-08 13:16:17.404503,2025-01-08 13:16:17.404507,2025-01-08 13:16:17.404507,4e-06,['127.0.0.1'],['127.0.0.1'],"['42194', '33']","['33', '42194']",1,1,0,1,0,0
2025-01-08 13:16:17.404516,2025-01-08 13:16:17.404516,2025-01-08 13:16:17.404521,2025-01-08 13:16:17.404521,5e-06,['127.0.0.1'],['127.0.0.1'],"['29', '42194']","['29', '42194']",1,1,0,1,0,0
2025-01-08 13:16:17.404530,2025-01-08 13:16:17.404530,2025-01-08 13:16:17.404535,2025-01-08 13:16:17.404535,5e-06,['127.0.0.1'],['127.0.0.1'],"['15', '42194']","['15', '42194']",1,1,0,1,0,0
2025-01-08 13:16:17.404543,2025-01-08 13:16:17.404543,2025-01-08 13:16:17.404548,2025-01-08 13:16:17.404548,5e-06,['127.0.0.1'],['127.0.0.1'],"['42194', '17']","['42194', '17']",1,1,0,1,0,0
2025-01-08 13:16:17.404557,2025-01-08 13:16:17.404557,2025-01-08 13:16:17.404562,2025-01-08 13:16:17.404562,5e-06,['127.0.0.1'],['127.0.0.1'],"['18', '42194']","['18', '42194']",1,1,0,1,0,0
2025-01-08 13:16:17.404570,2025-01-08 13:16:17.404570,2025-01-08 13:16:17.404576,2025-01-08 13:16:17.404576,6e-06,['127.0.0.1'],['127.0.0.1'],"['42194', '46']","['42194', '46']",1,1,0,1,0,0
2025-01-08 13:16:17.404585,2025-01-08 13:16:17.404585,2025-01-08 13:16:17.404590,2025-01-08 13:16:17.404590,5e-06,['127.0.0.1'],['127.0.0.1'],"['42194', '39']","['42194', '39']",1,1,0,1,0,0
2025-01-08 13:16:17.404599,2025-01-08 13:16:17.404599,2025-01-08 13:16:17.404604,2025-01-08 13:16:17.404604,5e-06,['127.0.0.1'],['127.0.0.1'],"['42194', '47']","['42194', '47']",1,1,0,1,0,0
2025-01-08 13:16:17.404612,2025-01-08 13:16:17.404612,2025-01-08 13:16:17.404617,2025-01-08 13:16:17.404617,5e-06,['127.0.0.1'],['127.0.0.1'],"['42194', '50']","['42194', '50']",1,1,0,1,0,0
2025-01-08 13:16:17.404626,2025-01-08 13:16:17.404626,2025-01-08 13:16:17.404631,2025-01-08 13:16:17.404631,5e-06,['127.0.0.1'],['127.0.0.1'],"['42194', '45']","['42194', '45']",1,1,0,1,0,0
2025-01-08 13:16:17.404639,2025-01-08 13:16:17.404639,2025-01-08 13:16:17.404644,2025-01-08 13:16:17.404644,5e-06,['127.0.0.1'],['127.0.0.1'],"['13', '42194']","['13', '42194']",1,1,0,1,0,0
2025-01-08 13:16:17.404653,2025-01-08 13:16:17.404653,2025-01-08 13:16:17.404658,2025-01-08 13:16:17.404658,5e-06,['127.0.0.1'],['127.0.0.1'],"['3', '42194']","['3', '42194']",1,1,0,1,0,0
2025-01-08 13:16:17.404666,2025-01-08 13:16:17.404666,2025-01-08 13:16:17.404671,2025-01-08 13:16:17.404671,5e-06,['127.0.0.1'],['127.0.0.1'],"['42194', '38']","['42194', '38']",1,1,0,1,0,0
2025-01-08 13:16:18.519245,2025-01-08 13:16:18.519245,2025-01-08 13:16:18.519255,2025-01-08 13:16:18.519255,1e-05,['127.0.0.1'],['127.0.0.1'],"['5103', '55290']","['5103', '55290']",1,1,0,1,0,0
2025-01-08 13:16:19.523598,2025-01-08 13:16:19.523598,2025-01-08 13:16:19.523609,2025-01-08 13:16:19.523609,1.1e-05,['127.0.0.1'],['127.0.0.1'],"['5758', '47096']","['47096', '5758']",1,1,0,1,0,0
2025-01-08 13:16:20.527905,2025-01-08 13:16:20.527905,2025-01-08 13:16:20.527917,2025-01-08 13:16:20.527917,1.2e-05,['127.0.0.1'],['127.0.0.1'],"['16409', '43666']","['16409', '43666']",1,1,0,1,0,0
2025-01-08 13:16:21.660706,2025-01-08 13:16:21.660706,2025-01-08 13:16:21.660730,2025-01-08 13:16:21.660730,2.4e-05,['127.0.0.1'],['127.0.0.1'],"['35593', '22']","['35593', '22']",1,1,0,1,0,0
2025-01-08 13:16:21.660746,2025-01-08 13:16:21.660746,2025-01-08 13:16:21.660753,2025-01-08 13:16:21.660753,7e-06,['127.0.0.1'],['127.0.0.1'],"['23', '35593']","['23', '35593']",1,1,0,1,0,0
2025-01-08 13:16:21.660763,2025-01-08 13:16:21.660763,2025-01-08 13:16:21.660769,2025-01-08 13:16:21.660769,6e-06,['127.0.0.1'],['127.0.0.1'],"['35593', '25']","['35593', '25']",1,1,0,1,0,0
2025-01-08 13:16:21.660779,2025-01-08 13:16:21.660779,2025-01-08 13:16:21.660784,2025-01-08 13:16:21.660784,5e-06,['127.0.0.1'],['127.0.0.1'],"['21', '35593']","['21', '35593']",1,1,0,1,0,0
2025-01-08 13:16:21.660796,2025-01-08 13:16:21.660796,2025-01-08 13:16:21.660801,2025-01-08 13:16:21.660801,5e-06,['127.0.0.1'],['127.0.0.1'],"['30', '35593']","['30', '35593']",1,1,0,1,0,0
2025-01-08 13:16:21.660811,2025-01-08 13:16:21.660811,2025-01-08 13:16:21.660817,2025-01-08 13:16:21.660817,6e-06,['127.0.0.1'],['127.0.0.1'],"['35593', '12']","['12', '35593']",1,1,0,1,0,0
2025-01-08 13:16:21.660827,2025-01-08 13:16:21.660827,2025-01-08 13:16:21.660832,2025-01-08 13:16:21.660832,5e-06,['127.0.0.1'],['127.0.0.1'],"['35593', '27']","['35593', '27']",1,1,0,1,0,0
2025-01-08 13:16:21.660843,2025-01-08 13:16:21.660843,2025-01-08 13:16:21.660848,2025-01-08 13:16:21.660848,5e-06,['127.0.0.1'],['127.0.0.1'],"['16', '35593']","['16', '35593']",1,1,0,1,0,0
2025-01-08 13:16:21.660858,2025-01-08 13:16:21.660858,2025-01-08 13:16:21.660863,2025-01-08 13:16:21.660863,5e-06,['127.0.0.1'],['127.0.0.1'],"['18', '35593']","['18', '35593']",1,1,0,1,0,0
2025-01-08 13:16:21.660876,2025-01-08 13:16:21.660876,2025-01-08 13:16:21.660882,2025-01-08 13:16:21.660882,6e-06,['127.0.0.1'],['127.0.0.1'],"['11', '35593']","['11', '35593']",1,1,0,1,0,0
2025-01-08 13:16:21.661093,2025-01-08 13:16:21.661093,2025-01-08 13:16:21.661099,2025-01-08 13:16:21.661099,6e-06,['127.0.0.1'],['127.0.0.1'],"['35593', '28']","['35593', '28']",1,1,0,1,0,0
2025-01-08 13:16:21.661109,2025-01-08 13:16:21.661109,2025-01-08 13:16:21.661115,2025-01-08 13:16:21.661115,6e-06,['127.0.0.1'],['127.0.0.1'],"['34', '35593']","['34', '35593']",1,1,0,1,0,0
2025-01-08 13:16:21.661125,2025-01-08 13:16:21.661125,2025-01-08 13:16:21.661131,2025-01-08 13:16:21.661131,6e-06,['127.0.0.1'],['127.0.0.1'],"['35593', '31']","['35593', '31']",1,1,0,1,0,0
2025-01-08 13:16:21.661141,2025-01-08 13:16:21.661141,2025-01-08 13:16:21.661146,2025-01-08 13:16:21.661146,5e-06,['127.0.0.1'],['127.0.0.1'],"['35593', '39']","['35593', '39']",1,1,0,1,0,0
2025-01-08 13:16:21.661156,2025-01-08 13:16:21.661156,2025-01-08 13:16:21.661162,2025-01-08 13:16:21.661162,6e-06,['127.0.0.1'],['127.0.0.1'],"['5', '35593']","['5', '35593']",1,1,0,1,0,0
2025-01-08 13:16:21.661171,2025-01-08 13:16:21.661171,2025-01-08 13:16:21.661177,2025-01-08 13:16:21.661177,6e-06,['127.0.0.1'],['127.0.0.1'],"['35593', '29']","['35593', '29']",1,1,0,1,0,0
2025-01-08 13:16:21.661187,2025-01-08 13:16:21.661187,2025-01-08 13:16:21.661193,2025-01-08 13:16:21.661193,6e-06,['127.0.0.1'],['127.0.0.1'],"['0', '35593']","['0', '35593']",1,1,0,1,0,0
2025-01-08 13:16:21.661202,2025-01-08 13:16:21.661202,2025-01-08 13:16:21.661208,2025-01-08 13:16:21.661208,6e-06,['127.0.0.1'],['127.0.0.1'],"['35593', '33']","['35593', '33']",1,1,0,1,0,0
2025-01-08 13:16:21.661218,2025-01-08 13:16:21.661218,2025-01-08 13:16:21.661224,2025-01-08 13:16:21.661224,6e-06,['127.0.0.1'],['127.0.0.1'],"['36', '35593']","['36', '35593']",1,1,0,1,0,0
2025-01-08 13:16:21.661235,2025-01-08 13:16:21.661235,2025-01-08 13:16:21.661240,2025-01-08 13:16:21.661240,5e-06,['127.0.0.1'],['127.0.0.1'],"['35593', '46']","['35593', '46']",1,1,0,1,0,0
2025-01-08 13:16:21.661250,2025-01-08 13:16:21.661250,2025-01-08 13:16:21.661256,2025-01-08 13:16:21.661256,6e-06,['127.0.0.1'],['127.0.0.1'],"['24', '35593']","['24', '35593']",1,1,0,1,0,0
2025-01-08 13:16:21.661265,2025-01-08 13:16:21.661265,2025-01-08 13:16:21.661270,2025-01-08 13:16:21.661270,5e-06,['127.0.0.1'],['127.0.0.1'],"['35593', '6']","['35593', '6']",1,1,0,1,0,0
2025-01-08 13:16:21.661281,2025-01-08 13:16:21.661281,2025-01-08 13:16:21.661287,2025-01-08 13:16:21.661287,6e-06,['127.0.0.1'],['127.0.0.1'],"['35593', '8']","['35593', '8']",1,1,0,1,0,0
2025-01-08 13:16:21.661297,2025-01-08 13:16:21.661297,2025-01-08 13:16:21.661303,2025-01-08 13:16:21.661303,6e-06,['127.0.0.1'],['127.0.0.1'],"['35593', '2']","['35593', '2']",1,1,0,1,0,0
2025-01-08 13:16:21.661312,2025-01-08 13:16:21.661312,2025-01-08 13:16:21.661318,2025-01-08 13:16:21.661318,6e-06,['127.0.0.1'],['127.0.0.1'],"['35593', '50']","['35593', '50']",1,1,0,1,0,0
2025-01-08 13:16:21.661328,2025-01-08 13:16:21.661328,2025-01-08 13:16:21.661334,2025-01-08 13:16:21.661334,6e-06,['127.0.0.1'],['127.0.0.1'],"['32', '35593']","['32', '35593']",1,1,0,1,0,0
2025-01-08 13:16:21.661344,2025-01-08 13:16:21.661344,2025-01-08 13:16:21.661349,2025-01-08 13:16:21.661349,5e-06,['127.0.0.1'],['127.0.0.1'],"['35593', '17']","['35593', '17']",1,1,0,1,0,0
2025-01-08 13:16:21.661361,2025-01-08 13:16:21.661361,2025-01-08 13:16:21.661367,2025-01-08 13:16:21.661367,6e-06,['127.0.0.1'],['127.0.0.1'],"['35593', '45']","['35593', '45']",1,1,0,1,0,0
2025-01-08 13:16:21.661377,2025-01-08 13:16:21.661377,2025-01-08 13:16:21.661382,2025-01-08 13:16:21.661382,5e-06,['127.0.0.1'],['127.0.0.1'],"['35593', '1']","['35593', '1']",1,1,0,1,0,0
2025-01-08 13:16:21.661392,2025-01-08 13:16:21.661392,2025-01-08 13:16:21.661397,2025-01-08 13:16:21.661397,5e-06,['127.0.0.1'],['127.0.0.1'],"['42', '35593']","['42', '35593']",1,1,0,1,0,0
2025-01-08 13:16:21.661726,2025-01-08 13:16:21.661726,2025-01-08 13:16:21.661731,2025-01-08 13:16:21.661731,5e-06,['127.0.0.1'],['127.0.0.1'],"['13', '35593']","['13', '35593']",1,1,0,1,0,0
2025-01-08 13:16:21.661740,2025-01-08 13:16:21.661740,2025-01-08 13:16:21.661746,2025-01-08 13:16:21.661746,6e-06,['127.0.0.1'],['127.0.0.1'],"['35593', '37']","['35593', '37']",1,1,0,1,0,0
2025-01-08 13:16:21.661754,2025-01-08 13:16:21.661754,2025-01-08 13:16:21.661759,2025-01-08 13:16:21.661759,5e-06,['127.0.0.1'],['127.0.0.1'],"['35593', '35']","['35593', '35']",1,1,0,1,0,0
2025-01-08 13:16:21.661768,2025-01-08 13:16:21.661768,2025-01-08 13:16:21.661774,2025-01-08 13:16:21.661774,6e-06,['127.0.0.1'],['127.0.0.1'],"['35593', '14']","['35593', '14']",1,1,0,1,0,0
2025-01-08 13:16:21.661783,2025-01-08 13:16:21.661783,2025-01-08 13:16:21.661788,2025-01-08 13:16:21.661788,5e-06,['127.0.0.1'],['127.0.0.1'],"['4', '35593']","['4', '35593']",1,1,0,1,0,0
2025-01-08 13:16:21.661797,2025-01-08 13:16:21.661797,2025-01-08 13:16:21.661802,2025-01-08 13:16:21.661802,5e-06,['127.0.0.1'],['127.0.0.1'],"['35593', '9']","['9', '35593']",1,1,0,1,0,0
2025-01-08 13:16:21.661811,2025-01-08 13:16:21.661811,2025-01-08 13:16:21.661816,2025-01-08 13:16:21.661816,5e-06,['127.0.0.1'],['127.0.0.1'],"['35593', '43']","['43', '35593']",1,1,0,1,0,0
2025-01-08 13:16:21.661825,2025-01-08 13:16:21.661825,2025-01-08 13:16:21.661831,2025-01-08 13:16:21.661831,6e-06,['127.0.0.1'],['127.0.0.1'],"['35593', '26']","['35593', '26']",1,1,0,1,0,0
2025-01-08 13:16:21.661839,2025-01-08 13:16:21.661839,2025-01-08 13:16:21.661845,2025-01-08 13:16:21.661845,6e-06,['127.0.0.1'],['127.0.0.1'],"['19', '35593']","['19', '35593']",1,1,0,1,0,0
2025-01-08 13:16:21.661854,2025-01-08 13:16:21.661854,2025-01-08 13:16:21.661860,2025-01-08 13:16:21.661860,6e-06,['127.0.0.1'],['127.0.0.1'],"['41', '35593']","['41', '35593']",1,1,0,1,0,0
2025-01-08 13:16:21.661869,2025-01-08 13:16:21.661869,2025-01-08 13:16:21.661873,2025-01-08 13:16:21.661873,4e-06,['127.0.0.1'],['127.0.0.1'],"['35593', '3']","['3', '35593']",1,1,0,1,0,0
2025-01-08 13:16:21.661882,2025-01-08 13:16:21.661882,2025-01-08 13:16:21.661888,2025-01-08 13:16:21.661888,6e-06,['127.0.0.1'],['127.0.0.1'],"['49', '35593']","['49', '35593']",1,1,0,1,0,0
2025-01-08 13:16:21.661897,2025-01-08 13:16:21.661897,2025-01-08 13:16:21.661902,2025-01-08 13:16:21.661902,5e-06,['127.0.0.1'],['127.0.0.1'],"['15', '35593']","['15', '35593']",1,1,0,1,0,0
2025-01-08 13:16:21.661911,2025-01-08 13:16:21.661911,2025-01-08 13:16:21.661916,2025-01-08 13:16:21.661916,5e-06,['127.0.0.1'],['127.0.0.1'],"['35593', '40']","['35593', '40']",1,1,0,1,0,0
2025-01-08 13:16:21.661925,2025-01-08 13:16:21.661925,2025-01-08 13:16:21.661930,2025-01-08 13:16:21.661930,5e-06,['127.0.0.1'],['127.0.0.1'],"['35593', '47']","['35593', '47']",1,1,0,1,0,0
2025-01-08 13:16:21.661939,2025-01-08 13:16:21.661939,2025-01-08 13:16:21.661944,2025-01-08 13:16:21.661944,5e-06,['127.0.0.1'],['127.0.0.1'],"['35593', '10']","['10', '35593']",1,1,0,1,0,0
2025-01-08 13:16:21.661953,2025-01-08 13:16:21.661953,2025-01-08 13:16:21.661959,2025-01-08 13:16:21.661959,6e-06,['127.0.0.1'],['127.0.0.1'],"['44', '35593']","['44', '35593']",1,1,0,1,0,0
2025-01-08 13:16:21.661967,2025-01-08 13:16:21.661967,2025-01-08 13:16:21.661973,2025-01-08 13:16:21.661973,6e-06,['127.0.0.1'],['127.0.0.1'],"['35593', '38']","['35593', '38']",1,1,0,1,0,0
2025-01-08 13:16:21.661982,2025-01-08 13:16:21.661982,2025-01-08 13:16:21.661987,2025-01-08 13:16:21.661987,5e-06,['127.0.0.1'],['127.0.0.1'],"['48', '35593']","['48', '35593']",1,1,0,1,0,0
2025-01-08 13:16:21.661996,2025-01-08 13:16:21.661996,2025-01-08 13:16:21.662001,2025-01-08 13:16:21.662001,5e-06,['127.0.0.1'],['127.0.0.1'],"['20', '35593']","['20', '35593']",1,1,0,1,0,0
2025-01-08 13:16:21.662010,2025-01-08 13:16:21.662010,2025-01-08 13:16:21.662015,2025-01-08 13:16:21.662015,5e-06,['127.0.0.1'],['127.0.0.1'],"['7', '35593']","['7', '35593']",1,1,0,1,0,0
